{
  "ReRoutes": [
    {
      "DownstreamPathTemplate": "/api/{version}/extranet/{everything}",
      "DownstreamScheme": "https",
      "DownstreamHostAndPorts": [
        {
          "Host": "integrador.acudir.net",
          "Port": 443
        }
      ],
      "UpstreamPathTemplate": "/api/{version}/extranet/{everything}",
      "UpstreamHttpMethod": [ "Get", "Post", "Put" ],
      "AuthenticationOptions": {
        "AuthenticationProviderKey": "Bearer",
        "AllowedScopes": []
      },
      "UpstreamHeaderTransform": {
        "RemoteIpAddress": "{RemoteIpAddress}"
      },
      "AddHeadersToRequest": {
        "UserName": "Claims[http://schemas.xmlsoap.org/ws/2005/05/identity/claims/name] > value[0] > |",
        "UsuarioId": "Claims[u_id] > value[0] > |"
      },
      "FileCacheOptions": {
        "TtlSeconds": 10,
        "Region": "ApiExtranet"
      }
    },
    {
      "DownstreamPathTemplate": "/api/{version}/authentication/{everything}",
      "DownstreamScheme": "https",
      "DownstreamHostAndPorts": [
        {
          "Host": "authentication.acudir.net",
          "Port": 443
        }
      ],
      "UpstreamPathTemplate": "/api/{version}/authentication/{everything}",
      "UpstreamHttpMethod": [ "Get", "Post", "Put" ],
      "UpstreamHeaderTransform": {
        "RemoteIpAddress": "{RemoteIpAddress}"
      }
    },
    {
      "DownstreamPathTemplate": "/api/{version}/account/{everything}",
      "DownstreamScheme": "https",
      "DownstreamHostAndPorts": [
        {
          "Host": "authentication.acudir.net",
          "Port": 443
        }
      ],
      "UpstreamPathTemplate": "/api/{version}/account/{everything}",
      "UpstreamHttpMethod": [ "Get", "Post", "Put" ],
      "UpstreamHeaderTransform": {
        "RemoteIpAddress": "{RemoteIpAddress}"
      }
    },
    {
      "DownstreamPathTemplate": "/api/{version}/Cabina/{everything}",
      "DownstreamScheme": "https",
      "DownstreamHostAndPorts": [
        {
          "Host": "visitas.acudir.net",
          "Port": 443
        }
      ],
      "UpstreamPathTemplate": "/api/{version}/Cabina/{everything}",
      "UpstreamHttpMethod": [ "Get", "Post", "Put", "Delete" ],
      "DelegatingHandlers": [ "AuthorizationDelegatingHandler" ],
      "AuthenticationOptions": {
        "AuthenticationProviderKey": "Bearer",
        "AllowedScopes": []
      },
      "UpstreamHeaderTransform": {
        "RemoteIpAddress": "{RemoteIpAddress}"
      },
      "AddHeadersToRequest": {
        "UserName": "Claims[http://schemas.xmlsoap.org/ws/2005/05/identity/claims/name] > value[0] > |",
        "UsuarioId": "Claims[u_id] > value[0] > |"
      }
    },
    {
      "DownstreamPathTemplate": "/api/{version}/Tgo/{everything}",
      "DownstreamScheme": "https",
      "DownstreamHostAndPorts": [
        {
          "Host": "tgo-imagenes-be.acudir.net",
          "Port": 443
        }
      ],
      "UpstreamPathTemplate": "/api/{version}/Tgo/{everything}",
      "UpstreamHttpMethod": [ "Get", "Post", "Delete" ],
      "DelegatingHandlers": [ "AuthorizationDelegatingHandler" ],
      "AuthenticationOptions": {
        "AuthenticationProviderKey": "Bearer",
        "AllowedScopes": []
      },
      "Priority": 0
    },
    {
      "DownstreamPathTemplate": "/api/{version}/Tgo/Imagenes/{path}",
      "DownstreamScheme": "https",
      "DownstreamHostAndPorts": [
        {
          "Host": "tgo-imagenes-be.acudir.net",
          "Port": 443
        }
      ],
      "UpstreamPathTemplate": "/api/{version}/Tgo/Imagenes/{path}",
      "UpstreamHttpMethod": [ "Get" ],
      "Priority": 1
    },
    {
      "DownstreamPathTemplate": "/api/{version}/Telemedicina/{everything}",
      "DownstreamScheme": "https",
      "DownstreamHostAndPorts": [
        {
          "Host": "telemedicina.acudir.net",
          "Port": 443
        }
      ],
      "UpstreamPathTemplate": "/api/{version}/Telemedicina/{everything}",
      "UpstreamHttpMethod": [ "Get", "Post", "Put", "Delete" ],
      "UpstreamHeaderTransform": {
        "RemoteIpAddress": "{RemoteIpAddress}"
      },
      "Priority": 0
    },
    {
      "DownstreamPathTemplate": "/api/{version}/Telemedicina/Turnos/Extranet",
      "DownstreamScheme": "https",
      "DownstreamHostAndPorts": [
        {
          "Host": "telemedicina.acudir.net",
          "Port": 443
        }
      ],
      "UpstreamPathTemplate": "/api/{version}/Telemedicina/Turnos/Extranet",
      "UpstreamHttpMethod": [ "Get" ],
      "AuthenticationOptions": {
        "AuthenticationProviderKey": "Bearer",
        "AllowedScopes": []
      },
      "UpstreamHeaderTransform": {
        "RemoteIpAddress": "{RemoteIpAddress}"
      },
      "AddHeadersToRequest": {
        "UserName": "Claims[http://schemas.xmlsoap.org/ws/2005/05/identity/claims/name] > value[0] > |",
        "UsuarioId": "Claims[u_id] > value[0] > |",
        "ClienteId": "Claims[c_id] > value[0] > |"
      },
      "Priority": 1
    },
    {
      "DownstreamPathTemplate": "/api/{version}/Telemedicina/PedidoMuestras/{everything}",
      "DownstreamScheme": "https",
      "DownstreamHostAndPorts": [
        {
          "Host": "telemedicina.acudir.net",
          "Port": 443
        }
      ],
      "UpstreamPathTemplate": "/api/{version}/Telemedicina/PedidoMuestras/{everything}",
      "UpstreamHttpMethod": [ "Get", "Post", "Put", "Delete" ],
      "AuthenticationOptions": {
        "AuthenticationProviderKey": "Bearer",
        "AllowedScopes": []
      },
      "UpstreamHeaderTransform": {
        "RemoteIpAddress": "{RemoteIpAddress}"
      },
      "AddHeadersToRequest": {
        "UserName": "Claims[http://schemas.xmlsoap.org/ws/2005/05/identity/claims/name] > value[0] > |",
        "UsuarioId": "Claims[u_id] > value[0] > |",
        "ClienteId": "Claims[c_id] > value[0] > |"
      },
      "Priority": 1
    },
    {
      "DownstreamPathTemplate": "/{everything}",
      "DownstreamScheme": "https",
      "DownstreamHostAndPorts": [
        {
          "Host": "cabina.acudir.net",
          "Port": 443
        }
      ],
      "UpstreamPathTemplate": "/TechMed/{everything}",
      "UpstreamHttpMethod": [ "Get" ],
      "AuthenticationOptions": {
        "AuthenticationProviderKey": "Bearer",
        "AllowedScopes": []
      },
      "UpstreamHeaderTransform": {
        "RemoteIpAddress": "{RemoteIpAddress}"
      },
      "AddHeadersToRequest": {
        "UserName": "Claims[http://schemas.xmlsoap.org/ws/2005/05/identity/claims/name] > value[0] > |",
        "UsuarioId": "Claims[u_id] > value[0] > |",
        "ClienteId": "Claims[c_id] > value[0] > |"
      }
    },
    {
      "DownstreamPathTemplate": "/api/{version}/Softland/{everything}",
      "DownstreamScheme": "https",
      "DownstreamHostAndPorts": [
        {
          "Host": "test-softland.acudir.net",
          "Port": 443
        }
      ],
      "UpstreamPathTemplate": "/Test/api/{version}/Softland/{everything}",
      "UpstreamHttpMethod": [ "Get", "Post" ],
      "AuthenticationOptions": {
        "AuthenticationProviderKey": "Bearer",
        "AllowedScopes": []
      },
      "UpstreamHeaderTransform": {
        "RemoteIpAddress": "{RemoteIpAddress}"
      },
      "AddHeadersToRequest": {
        "UserName": "Claims[http://schemas.xmlsoap.org/ws/2005/05/identity/claims/name] > value[0] > |",
        "UsuarioId": "Claims[u_id] > value[0] > |",
        "ClienteId": "Claims[c_id] > value[0] > |"
      }
    },
    {
      "DownstreamPathTemplate": "/api/{version}/Softland/{everything}",
      "DownstreamScheme": "https",
      "DownstreamHostAndPorts": [
        {
          "Host": "softland.acudir.net",
          "Port": 443
        }
      ],
      "UpstreamPathTemplate": "/api/{version}/Softland/{everything}",
      "UpstreamHttpMethod": [ "Get", "Post" ],
      "AuthenticationOptions": {
        "AuthenticationProviderKey": "Bearer",
        "AllowedScopes": []
      },
      "UpstreamHeaderTransform": {
        "RemoteIpAddress": "{RemoteIpAddress}"
      },
      "AddHeadersToRequest": {
        "UserName": "Claims[http://schemas.xmlsoap.org/ws/2005/05/identity/claims/name] > value[0] > |",
        "UsuarioId": "Claims[u_id] > value[0] > |",
        "ClienteId": "Claims[c_id] > value[0] > |"
      }
    },
    {
      "DownstreamPathTemplate": "/api/{version}/Whatsapp/{everything}",
      "DownstreamScheme": "https",
      "DownstreamHostAndPorts": [
        {
          "Host": "whatsapp.acudir.net",
          "Port": 443
        }
      ],
      "UpstreamPathTemplate": "/api/{version}/Whatsapp/{everything}",
      "UpstreamHttpMethod": [ "Post" ]
    },
    {
      "DownstreamPathTemplate": "/api/{version}/Whatsapp/{everything}",
      "DownstreamScheme": "https",
      "DownstreamHostAndPorts": [
        {
          "Host": "test-whatsapp.acudir.net",
          "Port": 443
        }
      ],
      "UpstreamPathTemplate": "/Test/api/{version}/Whatsapp/{everything}",
      "UpstreamHttpMethod": [ "Post" ]
    },
    {
      "DownstreamPathTemplate": "/api/{version}/Telemedicina/{everything}",
      "DownstreamScheme": "https",
      "DownstreamHostAndPorts": [
        {
          "Host": "test-telemedicina.acudir.net",
          "Port": 443
        }
      ],
      "UpstreamPathTemplate": "/Test/api/{version}/Telemedicina/{everything}",
      "UpstreamHttpMethod": [ "Get", "Post" ]
    },
    {
      "DownstreamPathTemplate": "/api/{version}/Telemedicina/{everything}",
      "DownstreamScheme": "https",
      "DownstreamHostAndPorts": [
        {
          "Host": "dev-telemedicina.acudir.net",
          "Port": 443
        }
      ],
      "UpstreamPathTemplate": "/Dev/api/{version}/Telemedicina/{everything}",
      "UpstreamHttpMethod": [ "Get", "Post" ]
    },
    {
      "DownstreamPathTemplate": "/api/{version}/Login/{everything}",
      "DownstreamScheme": "https",
      "DownstreamHostAndPorts": [
        {
          "Host": "test-login.acudir.net",
          "Port": 443
        }
      ],
      "UpstreamPathTemplate": "/TestLogin/api/{version}/Login/{everything}",
      "UpstreamHttpMethod": [ "Get", "Put", "Post" ]
    },
    {
      "DownstreamPathTemplate": "/api/{version}/Login/{everything}",
      "DownstreamScheme": "https",
      "DownstreamHostAndPorts": [
        {
          "Host": "login.acudir.net",
          "Port": 443
        }
      ],
      "UpstreamPathTemplate": "/api/{version}/Login/{everything}",
      "UpstreamHttpMethod": [ "Get", "Put", "Post" ]
    },
    {
      "DownstreamPathTemplate": "/api/{version}/Padron/{everything}",
      "DownstreamScheme": "https",
      "DownstreamHostAndPorts": [
        {
          "Host": "afiliados.acudir.net",
          "Port": 443
        }
      ],
      "UpstreamPathTemplate": "/api/{version}/Padron/{everything}",
      "UpstreamHttpMethod": [ "Get" ]
    },
    {
      "DownstreamPathTemplate": "/api/{version}/Padron/{everything}",
      "DownstreamScheme": "https",
      "DownstreamHostAndPorts": [
        {
          "Host": "test-afiliados.acudir.net",
          "Port": 443
        }
      ],
      "UpstreamPathTemplate": "/TestPadron/api/{version}/Padron/{everything}",
      "UpstreamHttpMethod": [ "Get" ]
    },
    {
      "DownstreamPathTemplate": "/api/{version}/Login/{everything}",
      "DownstreamScheme": "https",
      "DownstreamHostAndPorts": [
        {
          "Host": "login.acudir.net",
          "Port": 443
        }
      ],
      "UpstreamPathTemplate": "/Mobile/api/{version}/Login/{everything}",
      "UpstreamHttpMethod": [ "Get", "Post", "Put" ]
    },
    {
      "DownstreamPathTemplate": "/api/{version}/Padron/{everything}",
      "DownstreamScheme": "https",
      "DownstreamHostAndPorts": [
        {
          "Host": "afiliados.acudir.net",
          "Port": 443
        }
      ],
      "UpstreamPathTemplate": "/Mobile/api/{version}/Padron/{everything}",
      "UpstreamHttpMethod": [ "Get" ]
    },
    {
      "DownstreamPathTemplate": "/api/{version}/Telemedicina/{everything}",
      "DownstreamScheme": "https",
      "DownstreamHostAndPorts": [
        {
          "Host": "telemedicina.acudir.net",
          "Port": 443
        }
      ],
      "UpstreamPathTemplate": "/Mobile/api/{version}/Telemedicina/{everything}",
      "UpstreamHttpMethod": [ "Get", "Post", "Put" ]
    },
    {
      "DownstreamPathTemplate": "/api/{version}/Login/{everything}",
      "DownstreamScheme": "https",
      "DownstreamHostAndPorts": [
        {
          "Host": "test-login.acudir.net",
          "Port": 443
        }
      ],
      "UpstreamPathTemplate": "/MobileTest/api/{version}/Login/{everything}",
      "UpstreamHttpMethod": [ "Get", "Post", "Put" ]
    },
    {
      "DownstreamPathTemplate": "/api/{version}/Padron/{everything}",
      "DownstreamScheme": "https",
      "DownstreamHostAndPorts": [
        {
          "Host": "test-afiliados.acudir.net",
          "Port": 443
        }
      ],
      "UpstreamPathTemplate": "/MobileTest/api/{version}/Padron/{everything}",
      "UpstreamHttpMethod": [ "Get" ]
    },
    {
      "DownstreamPathTemplate": "/api/{version}/Telemedicina/{everything}",
      "DownstreamScheme": "https",
      "DownstreamHostAndPorts": [
        {
          "Host": "test-telemedicina.acudir.net",
          "Port": 443
        }
      ],
      "UpstreamPathTemplate": "/MobileTest/api/{version}/Telemedicina/{everything}",
      "UpstreamHttpMethod": [ "Get", "Post", "Put" ]
    }
  ],
  "GlobalConfiguration": {
    "RequestIdKey": "OcRequestId",
    "AdministrationPath": "/administration"
  }
}